continent,date,total_vaccinations,people_vaccinated,people_fully_vaccinated,daily_vaccinations,total_vaccinations_per_hundred,people_vaccinated_per_hundred,people_fully_vaccinated_per_hundred,daily_vaccinations_per_million
Africa,2021-01-09,0.0,0.0,,,0.0,0.0,,
Africa,2021-01-10,0.0,,,500.0,,,,0.0
Africa,2021-01-11,0.0,,,500.0,,,,0.0
Africa,2021-01-12,0.0,,,500.0,,,,0.0
Africa,2021-01-13,2000.0,2000.0,,500.0,0.0,0.0,,0.0
Africa,2021-01-14,2000.0,,,600.0,,,,0.0
Africa,2021-01-15,4000.0,4000.0,,667.0,0.0,0.0,,0.0
Africa,2021-01-16,7000.0,7000.0,,1000.0,0.0,0.0,,1.0
Africa,2021-01-17,7000.0,,,1118.0,,,,1.0
Africa,2021-01-18,7000.0,,,1236.0,,,,1.0
Africa,2021-01-19,10976.0,10976.0,,1354.0,0.0,0.0,,1.0
Africa,2021-01-20,13163.0,13163.0,,1595.0,0.0,0.0,,1.0
Africa,2021-01-21,13163.0,,,1718.0,,,,1.0
Africa,2021-01-22,16890.0,16890.0,,1841.0,0.0,0.0,,1.0
Africa,2021-01-23,18353.0,18353.0,,1622.0,0.0,0.0,,1.0
Africa,2021-01-24,18353.0,18353.0,,1433.0,0.0,0.0,,1.0
Africa,2021-01-25,19889.0,19889.0,,1463.0,0.0,0.0,,1.0
Africa,2021-01-26,22712.0,22712.0,,1677.0,0.0,0.0,,1.0
Africa,2021-01-27,25587.0,25587.0,,1775.0,0.0,0.0,,1.0
Africa,2021-01-28,28779.0,28779.0,,1965.0,0.0,0.0,,1.0
Africa,2021-01-29,30861.0,30861.0,,1996.0,0.0,0.0,,1.0
Africa,2021-01-30,122206.0,30861.0,,14836.0,0.01,0.0,,11.0
Africa,2021-01-31,158206.0,30861.0,,19979.0,0.01,0.0,,15.0
Africa,2021-02-01,236712.0,35286.0,,30975.0,0.02,0.0,,23.0
Africa,2021-02-02,295127.0,36491.0,,38916.0,0.02,0.0,,29.0
Africa,2021-02-03,347149.0,37401.0,5.0,45937.0,0.03,0.0,0.0,34.0
Africa,2021-02-04,390474.0,37401.0,5.0,51671.0,0.03,0.0,0.0,39.0
Africa,2021-02-05,446986.0,37401.0,5.0,59446.0,0.03,0.0,0.0,44.0
Africa,2021-02-06,504800.0,37903.0,1586.0,54656.0,0.04,0.0,0.0,41.0
Africa,2021-02-07,504800.0,,,55849.0,,,,42.0
Africa,2021-02-08,593502.0,38028.0,3980.0,50970.0,0.04,0.0,0.0,38.0
Africa,2021-02-09,661263.0,38037.0,6700.0,52305.0,0.05,0.0,0.0,39.0
Africa,2021-02-10,795836.0,38040.0,10335.0,64098.0,0.06,0.0,0.0,48.0
Africa,2021-02-11,908796.0,38266.0,13867.0,74046.0,0.07,0.0,0.0,55.0
Africa,2021-02-12,1165581.0,38266.0,13867.0,102656.0,0.09,0.0,0.0,77.0
Africa,2021-02-13,1446178.0,42113.0,14181.0,134483.0,0.11,0.0,0.0,100.0
Africa,2021-02-14,1446178.0,,,151062.0,,,,113.0
Africa,2021-02-15,1766999.0,42122.0,16441.0,167642.0,0.13,0.0,0.0,125.0
Africa,2021-02-16,1965819.0,42129.0,18176.0,186365.0,0.15,0.0,0.0,139.0
Africa,2021-02-17,2147659.0,45789.0,19512.0,193118.0,0.16,0.0,0.0,144.0
Africa,2021-02-18,2303964.0,48831.0,22925.0,199310.0,0.17,0.0,0.0,149.0
Africa,2021-02-19,2513999.0,2411218.0,32990.0,192631.0,0.19,0.18,0.0,144.0
Africa,2021-02-20,2616931.0,2505541.0,45489.0,167250.0,0.2,0.19,0.0,125.0
Africa,2021-02-21,2622421.0,2511031.0,50463.0,145119.0,0.2,0.19,0.0,108.0
Africa,2021-02-22,2745898.0,2624317.0,68325.0,139843.0,0.2,0.2,0.01,104.0
Africa,2021-02-23,2854362.0,2723435.0,86927.0,126935.0,0.21,0.2,0.01,95.0
Africa,2021-02-24,3153546.0,3016541.0,102499.0,143698.0,0.24,0.23,0.01,107.0
Africa,2021-02-25,3434869.0,3291409.0,119792.0,161558.0,0.26,0.25,0.01,121.0
Africa,2021-02-26,3677524.0,3481253.0,183604.0,166218.0,0.27,0.26,0.01,124.0
Africa,2021-02-27,3866267.0,3604497.0,252758.0,178477.0,0.29,0.27,0.02,133.0
Africa,2021-02-28,3873994.0,3612224.0,255982.0,178796.0,0.29,0.27,0.02,133.0
Africa,2021-03-01,4091848.0,3758323.0,330257.0,192279.0,0.31,0.28,0.02,143.0
Africa,2021-03-02,4252773.0,3858371.0,394124.0,199773.0,0.32,0.29,0.03,149.0
Africa,2021-03-03,4424168.0,3962562.0,468861.0,181517.0,0.33,0.3,0.03,135.0
Africa,2021-03-04,4570159.0,4056192.0,529681.0,162184.0,0.34,0.3,0.04,121.0
Africa,2021-03-05,4808230.0,4207353.0,624742.0,161529.0,0.36,0.31,0.05,120.0
Africa,2021-03-06,5013197.0,4333320.0,705135.0,163847.0,0.37,0.32,0.05,122.0
Africa,2021-03-07,5053898.0,4374021.0,705135.0,168558.0,0.38,0.33,0.05,126.0
Africa,2021-03-08,5402174.0,4647941.0,779759.0,187189.0,0.4,0.35,0.06,140.0
Africa,2021-03-09,5542597.0,4722602.0,850734.0,184261.0,0.41,0.35,0.06,137.0
Africa,2021-03-10,5882799.0,4925316.0,1010055.0,208376.0,0.44,0.37,0.08,155.0
Africa,2021-03-11,6071207.0,4995777.0,1137129.0,214435.0,0.45,0.37,0.08,160.0
Africa,2021-03-12,6381226.0,5052916.0,1397210.0,224714.0,0.48,0.38,0.1,168.0
Africa,2021-03-13,6784874.0,5209785.0,1644318.0,253097.0,0.51,0.39,0.12,189.0
Africa,2021-03-14,6801397.0,5226308.0,1644318.0,249643.0,0.51,0.39,0.12,186.0
Africa,2021-03-15,7194432.0,5323203.0,1942667.0,256037.0,0.54,0.4,0.14,191.0
Africa,2021-03-16,7429911.0,5364358.0,2146524.0,269616.0,0.55,0.4,0.16,201.0
Africa,2021-03-17,7631610.0,5410972.0,2312736.0,249830.0,0.57,0.4,0.17,186.0
Africa,2021-03-18,7818857.0,5597968.0,2321849.0,249664.0,0.58,0.42,0.17,186.0
Africa,2021-03-19,8126953.0,5644534.0,2563824.0,249390.0,0.61,0.42,0.19,186.0
Africa,2021-03-20,8219312.0,5665861.0,2634856.0,204920.0,0.61,0.42,0.2,153.0
Africa,2021-03-21,8240860.0,5687409.0,2634856.0,205638.0,0.61,0.42,0.2,153.0
Africa,2021-03-22,8340514.0,5693701.0,2728218.0,163726.0,0.62,0.42,0.2,122.0
Asia,2020-12-15,1500000.0,0.0,,,0.03,0.0,,
Asia,2020-12-16,1500000.0,,,15.0,,,,0.0
Asia,2020-12-17,1500000.0,,,15.0,,,,0.0
Asia,2020-12-18,1500000.0,,,15.0,,,,0.0
Asia,2020-12-19,1500061.0,61.0,,15.0,0.03,0.0,,0.0
Asia,2020-12-20,1507400.0,7400.0,,1480.0,0.03,0.0,,0.0
Asia,2020-12-21,1532184.0,32184.0,,5364.0,0.03,0.0,,1.0
Asia,2020-12-22,1576716.0,76716.0,,10959.0,0.03,0.0,,2.0
Asia,2020-12-23,1678215.0,178215.0,,25457.0,0.04,0.0,,5.0
Asia,2020-12-24,1762561.0,262561.0,,37504.0,0.04,0.01,,8.0
Asia,2020-12-25,1801464.0,301464.0,,43060.0,0.04,0.01,,9.0
Asia,2020-12-26,1835029.0,335029.0,,47853.0,0.04,0.01,,10.0
Asia,2020-12-27,1941106.0,441106.0,,61958.0,0.04,0.01,,13.0
Asia,2020-12-28,2081414.0,578914.0,,78461.0,0.04,0.01,,17.0
Asia,2020-12-29,2239912.0,737412.0,,94742.0,0.05,0.02,,20.0
Asia,2020-12-30,2395453.0,892953.0,,102463.0,0.05,0.02,,22.0
Asia,2020-12-31,5556247.0,1053747.0,,541955.0,0.12,0.02,,117.0
Asia,2021-01-01,5628114.0,1125614.0,,546664.0,0.12,0.02,,118.0
Asia,2021-01-02,5701123.0,1198623.0,,552299.0,0.12,0.03,,119.0
Asia,2021-01-03,5852547.0,1350047.0,,558777.0,0.13,0.03,,120.0
Asia,2021-01-04,6007057.0,1504555.0,2.0,560806.0,0.13,0.03,0.0,121.0
Asia,2021-01-05,6962311.0,1633508.0,2.0,674628.0,0.15,0.04,0.0,145.0
Asia,2021-01-06,7171030.0,1742227.0,2.0,682225.0,0.15,0.04,0.0,147.0
Asia,2021-01-07,7390579.0,1862515.0,5.0,262047.0,0.16,0.04,0.0,56.0
Asia,2021-01-08,7516763.0,1934837.0,8.0,269807.0,0.16,0.04,0.0,58.0
Asia,2021-01-09,12145895.0,1985154.0,30.0,920682.0,0.26,0.04,0.0,198.0
Asia,2021-01-10,12261556.0,2865208.0,255986.0,915573.0,0.26,0.06,0.01,197.0
Asia,2021-01-11,12432049.0,2895395.0,275134.0,917856.0,0.27,0.06,0.01,198.0
Asia,2021-01-12,12610230.0,2929602.0,310707.0,806846.0,0.27,0.06,0.01,174.0
Asia,2021-01-13,13839851.0,2987356.0,367233.0,952689.0,0.3,0.06,0.01,205.0
Asia,2021-01-14,14378912.0,3053278.0,435870.0,998333.0,0.31,0.07,0.01,215.0
Asia,2021-01-15,14920684.0,3097099.0,471720.0,1057703.0,0.32,0.07,0.01,228.0
Asia,2021-01-16,15359901.0,3332512.0,497674.0,459144.0,0.33,0.07,0.01,99.0
Asia,2021-01-17,15777862.0,3438428.0,582530.0,502329.0,0.34,0.07,0.01,108.0
Asia,2021-01-18,16413236.0,3738961.0,703935.0,568741.0,0.35,0.08,0.02,123.0
Asia,2021-01-19,17062430.0,4033167.0,842651.0,636029.0,0.37,0.09,0.02,137.0
Asia,2021-01-20,22613015.0,4241846.0,987450.0,1253309.0,0.49,0.09,0.02,270.0
Asia,2021-01-21,23236179.0,4548521.0,1151255.0,1265324.0,0.5,0.1,0.02,273.0
Asia,2021-01-22,24058588.0,5119074.0,1222121.0,1305415.0,0.52,0.11,0.03,281.0
Asia,2021-01-23,24486981.0,5380504.0,1276693.0,1303869.0,0.53,0.12,0.03,281.0
Asia,2021-01-24,24827536.0,5499951.0,1419040.0,1292811.0,0.54,0.12,0.03,279.0
Asia,2021-01-25,25611575.0,6001673.0,1559955.0,1314048.0,0.55,0.13,0.03,283.0
Asia,2021-01-26,26153611.0,6191356.0,1687522.0,1298740.0,0.56,0.13,0.04,280.0
Asia,2021-01-27,34768473.0,6716421.0,1813020.0,1736494.0,0.75,0.14,0.04,374.0
Asia,2021-01-28,35945606.0,7430421.0,1948667.0,1815632.0,0.77,0.16,0.04,391.0
Asia,2021-01-29,37131294.0,8075963.0,2019052.0,1867529.0,0.8,0.17,0.04,402.0
Asia,2021-01-30,37711767.0,8432283.0,2071219.0,1889255.0,0.81,0.18,0.04,407.0
Asia,2021-01-31,39423116.0,8584032.0,2132248.0,2085083.0,0.85,0.19,0.05,449.0
Asia,2021-02-01,40246284.0,8905265.0,2180304.0,2090673.0,0.87,0.19,0.05,451.0
Asia,2021-02-02,40875782.0,9241721.0,2233738.0,2103167.0,0.88,0.2,0.05,453.0
Asia,2021-02-03,48829986.0,9663163.0,2304553.0,2008788.0,1.05,0.21,0.05,433.0
Asia,2021-02-04,49917910.0,10301784.0,2387335.0,1996043.0,1.08,0.22,0.05,430.0
Asia,2021-02-05,51111521.0,11216077.0,2440140.0,1997175.0,1.1,0.24,0.05,430.0
Asia,2021-02-06,51868846.0,11696271.0,2478739.0,2022440.0,1.12,0.25,0.05,436.0
Asia,2021-02-07,52196352.0,11833893.0,2549128.0,1824748.0,1.12,0.26,0.05,393.0
Asia,2021-02-08,52993728.0,12381043.0,2646405.0,1821063.0,1.14,0.27,0.06,392.0
Asia,2021-02-09,63226099.0,12996148.0,2763746.0,3192902.0,1.36,0.28,0.06,688.0
Asia,2021-02-10,64446279.0,13867000.0,2893366.0,2230899.0,1.39,0.3,0.06,481.0
Asia,2021-02-11,65382660.0,14504596.0,3031076.0,2209250.0,1.41,0.31,0.07,476.0
Asia,2021-02-12,66594321.0,18083350.0,3404992.0,2211829.0,1.44,0.39,0.07,477.0
Asia,2021-02-13,67671323.0,18825178.0,3633221.0,2257497.0,1.46,0.41,0.08,487.0
Asia,2021-02-14,68180107.0,19168874.0,3744154.0,2283394.0,1.47,0.41,0.08,492.0
Asia,2021-02-15,69652015.0,20290501.0,4089955.0,2379755.0,1.5,0.44,0.09,513.0
Asia,2021-02-16,71054807.0,21226397.0,4419692.0,1118387.0,1.53,0.46,0.1,241.0
Asia,2021-02-17,72575908.0,22382113.0,4780907.0,1161376.0,1.56,0.48,0.1,250.0
Asia,2021-02-18,74717234.0,23822825.0,5234571.0,1333511.0,1.61,0.51,0.11,287.0
Asia,2021-02-19,75999548.0,24543294.0,5674135.0,1343604.0,1.64,0.53,0.12,290.0
Asia,2021-02-20,77399108.0,25262841.0,5982248.0,1389684.0,1.67,0.54,0.13,300.0
Asia,2021-02-21,77905777.0,25542471.0,6170631.0,1389381.0,1.68,0.55,0.13,299.0
Asia,2021-02-22,78979420.0,26280457.0,6480668.0,1332486.0,1.7,0.57,0.14,287.0
Asia,2021-02-23,80484326.0,29883304.0,8836105.0,1347074.0,1.73,0.64,0.19,290.0
Asia,2021-02-24,81956392.0,30785543.0,9181033.0,1340069.0,1.77,0.66,0.2,289.0
Asia,2021-02-25,83656587.0,31680715.0,9782864.0,1277050.0,1.8,0.68,0.21,275.0
Asia,2021-02-26,84998300.0,32373436.0,10326150.0,1285536.0,1.83,0.7,0.22,277.0
Asia,2021-02-27,86159537.0,32918156.0,10819958.0,1251490.0,1.86,0.71,0.23,270.0
Asia,2021-02-28,98764414.0,33252035.0,10911480.0,2979805.0,2.13,0.72,0.24,642.0
Asia,2021-03-01,100298438.0,34242165.0,11396459.0,3045574.0,2.16,0.74,0.25,656.0
Asia,2021-03-02,102241819.0,35635779.0,11720926.0,3108213.0,2.2,0.77,0.25,670.0
Asia,2021-03-03,104363591.0,37107397.0,12122232.0,3201028.0,2.25,0.8,0.26,690.0
Asia,2021-03-04,106785947.0,38694122.0,12667856.0,3304194.0,2.3,0.83,0.27,712.0
Asia,2021-03-05,108931472.0,40235315.0,13118243.0,3419025.0,2.35,0.87,0.28,737.0
Asia,2021-03-06,111062021.0,41552698.0,13659599.0,3557498.0,2.39,0.9,0.29,767.0
Asia,2021-03-07,112224738.0,42320020.0,13781234.0,1922903.0,2.42,0.91,0.3,414.0
Asia,2021-03-08,114966291.0,44453680.0,14205843.0,2095408.0,2.48,0.96,0.31,452.0
Asia,2021-03-09,117453503.0,46238722.0,14691195.0,2173098.0,2.53,1.0,0.32,468.0
Asia,2021-03-10,120277810.0,48403134.0,15247934.0,2273460.0,2.59,1.04,0.33,490.0
Asia,2021-03-11,121720904.0,49366283.0,15513709.0,2133565.0,2.62,1.06,0.33,460.0
Asia,2021-03-12,124608575.0,51297734.0,16209032.0,2239586.0,2.69,1.11,0.35,483.0
Asia,2021-03-13,126934305.0,52875788.0,16791383.0,2267469.0,2.74,1.14,0.36,489.0
Asia,2021-03-14,140480089.0,53314914.0,16960910.0,4036479.0,3.03,1.15,0.37,870.0
Asia,2021-03-15,144871873.0,56672756.0,17885864.0,4272226.0,3.12,1.22,0.39,921.0
Asia,2021-03-16,148708908.0,59197454.0,18843976.0,4465058.0,3.21,1.28,0.41,962.0
Asia,2021-03-17,152270341.0,61456514.0,19834914.0,4570362.0,3.28,1.32,0.43,985.0
Asia,2021-03-18,155654803.0,63743025.0,20626428.0,4847700.0,3.35,1.37,0.44,1045.0
Asia,2021-03-19,161075439.0,66601248.0,21645630.0,5209552.0,3.47,1.44,0.47,1123.0
Asia,2021-03-20,174773367.0,69457370.0,22178440.0,6834152.0,3.77,1.5,0.48,1473.0
Asia,2021-03-21,175846804.0,70022173.0,22283859.0,5052388.0,3.79,1.51,0.48,1089.0
Asia,2021-03-22,180533150.0,73846063.0,23060330.0,5094468.0,3.89,1.59,0.5,1098.0
Europe,2020-12-13,86465.0,86465.0,,,0.01,0.01,,
Europe,2020-12-14,86465.0,,,14250.0,,,,19.0
Europe,2020-12-15,114965.0,114965.0,,14250.0,0.02,0.02,,19.0
Europe,2020-12-16,114965.0,,,48755.0,,,,65.0
Europe,2020-12-17,114965.0,,,66007.0,,,,88.0
Europe,2020-12-18,114965.0,,,76359.0,,,,102.0
Europe,2020-12-19,114965.0,,,83259.0,,,,111.0
Europe,2020-12-20,703786.0,703786.0,,88189.0,0.09,0.09,,118.0
Europe,2020-12-21,703786.0,,,87832.0,,,,117.0
Europe,2020-12-22,727286.0,727286.0,,87474.0,0.1,0.1,,117.0
Europe,2020-12-23,727286.0,,,81662.0,,,,109.0
Europe,2020-12-24,727286.0,,,75850.0,,,,101.0
Europe,2020-12-25,727286.0,,,70037.0,,,,94.0
Europe,2020-12-26,727286.0,,,64225.0,,,,86.0
Europe,2020-12-27,1112676.0,1112676.0,,58413.0,0.15,0.15,,78.0
Europe,2020-12-28,1151331.0,1150625.0,,62256.0,0.15,0.15,,83.0
Europe,2020-12-29,1235792.0,1234283.0,,72644.0,0.17,0.16,,97.0
Europe,2020-12-30,1379960.0,1377546.0,,82228.0,0.18,0.18,,110.0
Europe,2020-12-31,1478163.0,1469838.0,,85246.0,0.2,0.2,,114.0
Europe,2021-01-01,1519043.0,1510138.0,,80075.0,0.2,0.2,,107.0
Europe,2021-01-02,2373151.0,2364246.0,,191079.0,0.32,0.32,,255.0
Europe,2021-01-03,2863445.0,2825618.0,22002.0,250110.0,0.38,0.38,0.0,334.0
Europe,2021-01-04,3139741.0,3095558.0,22002.0,284059.0,0.42,0.41,0.0,379.0
Europe,2021-01-05,3455096.0,3403308.0,22002.0,317043.0,0.46,0.45,0.0,423.0
Europe,2021-01-06,3718682.0,3655349.0,22002.0,334103.0,0.5,0.49,0.0,446.0
Europe,2021-01-07,4122355.0,4033134.0,22002.0,377742.0,0.55,0.54,0.0,505.0
Europe,2021-01-08,4494554.0,4401918.0,22002.0,425073.0,0.6,0.59,0.0,568.0
Europe,2021-01-09,4686241.0,4591686.0,22002.0,330441.0,0.63,0.61,0.0,441.0
Europe,2021-01-10,6175029.0,5657724.0,391399.0,473083.0,0.82,0.76,0.05,632.0
Europe,2021-01-11,6769267.0,6221698.0,412167.0,518504.0,0.9,0.83,0.06,693.0
Europe,2021-01-12,7455032.0,6880330.0,428232.0,571419.0,1.0,0.92,0.06,763.0
Europe,2021-01-13,8532071.0,7895566.0,437977.0,687627.0,1.14,1.05,0.06,918.0
Europe,2021-01-14,9408589.0,8747604.0,443348.0,755176.0,1.26,1.17,0.06,1009.0
Europe,2021-01-15,10274494.0,9591710.0,447992.0,825706.0,1.37,1.28,0.06,1103.0
Europe,2021-01-16,10792777.0,10099245.0,451028.0,872362.0,1.44,1.35,0.06,1165.0
Europe,2021-01-17,11297830.0,10559831.0,475451.0,731829.0,1.51,1.41,0.06,977.0
Europe,2021-01-18,11995343.0,11306596.0,519504.0,746582.0,1.6,1.51,0.07,997.0
Europe,2021-01-19,12874046.0,12109323.0,593184.0,774145.0,1.72,1.62,0.08,1034.0
Europe,2021-01-20,13879939.0,12971764.0,701336.0,763981.0,1.85,1.73,0.09,1020.0
Europe,2021-01-21,14949231.0,13893226.0,827862.0,791520.0,2.0,1.86,0.11,1057.0
Europe,2021-01-22,16009123.0,14841127.0,913945.0,819233.0,2.14,1.98,0.12,1094.0
Europe,2021-01-23,16832571.0,15565637.0,1011141.0,862828.0,2.25,2.08,0.14,1152.0
Europe,2021-01-24,17763061.0,16172836.0,1115841.0,923604.0,2.37,2.16,0.15,1234.0
Europe,2021-01-25,18593063.0,16880562.0,1335858.0,942531.0,2.48,2.25,0.18,1259.0
Europe,2021-01-26,19594960.0,17592996.0,1608186.0,960131.0,2.62,2.35,0.21,1282.0
Europe,2021-01-27,20639325.0,18458927.0,1865574.0,965627.0,2.76,2.47,0.25,1290.0
Europe,2021-01-28,21804542.0,19298910.0,2194227.0,979330.0,2.91,2.58,0.29,1308.0
Europe,2021-01-29,22927567.0,20097693.0,2480708.0,988349.0,3.06,2.68,0.33,1320.0
Europe,2021-01-30,23907361.0,20896706.0,2720261.0,1010684.0,3.19,2.79,0.36,1350.0
Europe,2021-01-31,24945502.0,21592044.0,3026775.0,1026063.0,3.33,2.88,0.4,1370.0
Europe,2021-02-01,25827548.0,22136164.0,3367230.0,1033498.0,3.45,2.96,0.45,1380.0
Europe,2021-02-02,26958974.0,22847583.0,3779259.0,1052002.0,3.6,3.05,0.5,1405.0
Europe,2021-02-03,28282417.0,23649081.0,4260298.0,1091870.0,3.78,3.16,0.57,1458.0
Europe,2021-02-04,29666749.0,24501828.0,4783301.0,1123172.0,3.96,3.27,0.64,1500.0
Europe,2021-02-05,30857475.0,25274263.0,5193717.0,1132844.0,4.12,3.38,0.69,1513.0
Europe,2021-02-06,31766549.0,25971050.0,5405172.0,1122741.0,4.24,3.47,0.72,1500.0
Europe,2021-02-07,32718887.0,26577746.0,5724788.0,1110484.0,4.37,3.55,0.76,1483.0
Europe,2021-02-08,33545642.0,27119689.0,6000388.0,1102585.0,4.48,3.62,0.8,1473.0
Europe,2021-02-09,34676489.0,27863070.0,6379044.0,1102502.0,4.63,3.72,0.85,1473.0
Europe,2021-02-10,38872235.0,29882147.0,8505815.0,1512831.0,5.19,3.99,1.14,2021.0
Europe,2021-02-11,40412228.0,30890287.0,9025899.0,1535068.0,5.4,4.13,1.21,2050.0
Europe,2021-02-12,41925841.0,31927123.0,9490952.0,1581195.0,5.6,4.26,1.27,2112.0
Europe,2021-02-13,42850904.0,32650957.0,9689714.0,1583479.0,5.72,4.36,1.29,2115.0
Europe,2021-02-14,43959591.0,33792153.0,10163843.0,1605815.0,5.87,4.51,1.36,2145.0
Europe,2021-02-15,44837039.0,34385226.0,10448248.0,1613057.0,5.99,4.59,1.4,2155.0
Europe,2021-02-16,45932018.0,35151572.0,10776881.0,1607933.0,6.14,4.7,1.44,2148.0
Europe,2021-02-17,47387091.0,36179354.0,11203833.0,1216408.0,6.33,4.83,1.5,1625.0
Europe,2021-02-18,48979946.0,37325904.0,11650138.0,1223960.0,6.54,4.99,1.56,1635.0
Europe,2021-02-19,50236936.0,38237214.0,11994690.0,1187299.0,6.71,5.11,1.6,1586.0
Europe,2021-02-20,51088284.0,38921708.0,12161544.0,1176769.0,6.82,5.2,1.62,1572.0
Europe,2021-02-21,52108647.0,39663485.0,12440631.0,1164151.0,6.96,5.3,1.66,1555.0
Europe,2021-02-22,53017647.0,40340166.0,12673269.0,1168658.0,7.08,5.39,1.69,1561.0
Europe,2021-02-23,54464724.0,41233607.0,13226142.0,1218958.0,7.27,5.51,1.77,1628.0
Europe,2021-02-24,56212089.0,42560675.0,13646003.0,1260714.0,7.51,5.68,1.82,1684.0
Europe,2021-02-25,57811998.0,43823662.0,13979548.0,1261722.0,7.72,5.85,1.87,1685.0
Europe,2021-02-26,59558280.0,45167833.0,14381523.0,1331621.0,7.96,6.03,1.92,1779.0
Europe,2021-02-27,60683771.0,46148176.0,14526671.0,1370784.0,8.11,6.16,1.94,1831.0
Europe,2021-02-28,61993295.0,47162567.0,14821425.0,1412093.0,8.28,6.3,1.98,1886.0
Europe,2021-03-01,64448954.0,49990745.0,14444746.0,1633044.0,8.61,6.68,1.93,2181.0
Europe,2021-03-02,65782773.0,51043269.0,14724048.0,1616864.0,8.79,6.82,1.97,2160.0
Europe,2021-03-03,67808833.0,52497933.0,15293822.0,1656678.0,9.06,7.01,2.04,2213.0
Europe,2021-03-04,70443054.0,54515938.0,15912438.0,1804437.0,9.41,7.28,2.13,2410.0
Europe,2021-03-05,72493621.0,56114717.0,16364226.0,1847906.0,9.68,7.5,2.19,2468.0
Europe,2021-03-06,74288711.0,57541791.0,16732242.0,1943563.0,9.92,7.69,2.23,2596.0
Europe,2021-03-07,75840531.0,58777609.0,17047429.0,1978177.0,10.13,7.85,2.28,2642.0
Europe,2021-03-08,77227087.0,59870060.0,17341670.0,1825448.0,10.32,8.0,2.32,2438.0
Europe,2021-03-09,78847328.0,61132802.0,17699169.0,1866365.0,10.53,8.17,2.36,2493.0
Europe,2021-03-10,80981102.0,62555412.0,18404513.0,1881753.0,10.82,8.36,2.46,2513.0
Europe,2021-03-11,83411808.0,64241710.0,19148921.0,1852679.0,11.14,8.58,2.56,2475.0
Europe,2021-03-12,85698959.0,65933498.0,19745018.0,1886477.0,11.45,8.81,2.64,2520.0
Europe,2021-03-13,87519761.0,67352135.0,20147183.0,1890150.0,11.69,9.0,2.69,2525.0
Europe,2021-03-14,88742726.0,68255550.0,20466565.0,1843171.0,11.85,9.12,2.73,2462.0
Europe,2021-03-15,90366180.0,69489423.0,20856074.0,1877013.0,12.07,9.28,2.79,2507.0
Europe,2021-03-16,91883094.0,70610707.0,21251704.0,1862252.0,12.27,9.43,2.84,2487.0
Europe,2021-03-17,94110912.0,71956201.0,22123855.0,1875687.0,12.57,9.61,2.96,2505.0
Europe,2021-03-18,96036760.0,73250696.0,22755208.0,1803565.0,12.83,9.78,3.04,2409.0
Europe,2021-03-19,98158567.0,74682466.0,23437245.0,1779944.0,13.11,9.98,3.13,2377.0
Europe,2021-03-20,100521916.0,76547805.0,23935647.0,1857451.0,13.43,10.22,3.2,2481.0
Europe,2021-03-21,101516422.0,77322885.0,24154681.0,1824814.0,13.56,10.33,3.23,2437.0
Europe,2021-03-22,102242713.0,77674063.0,24514934.0,1696648.0,13.66,10.37,3.27,2266.0
North America,2020-12-14,5.0,0.0,,,0.0,0.0,,
North America,2020-12-15,723.0,0.0,,718.0,0.0,0.0,,1.0
North America,2020-12-16,3023.0,0.0,,1509.0,0.0,0.0,,3.0
North America,2020-12-17,7202.0,0.0,,2399.0,0.0,0.0,,4.0
North America,2020-12-18,11174.0,0.0,,2792.0,0.0,0.0,,5.0
North America,2020-12-19,11894.0,0.0,,2378.0,0.0,0.0,,4.0
North America,2020-12-20,568946.0,556208.0,,94824.0,0.1,0.09,,160.0
North America,2020-12-21,634983.0,614117.0,,90711.0,0.11,0.1,,153.0
North America,2020-12-22,640720.0,614117.0,,91428.0,0.11,0.1,,154.0
North America,2020-12-23,1043114.0,1008025.0,,148584.0,0.18,0.17,,251.0
North America,2020-12-24,1056402.0,1010949.0,,149886.0,0.18,0.17,,253.0
North America,2020-12-25,1056402.0,1010949.0,,149318.0,0.18,0.17,,252.0
North America,2020-12-26,1995981.0,1947509.0,,283441.0,0.34,0.33,,479.0
North America,2020-12-27,2003744.0,1951409.0,,204971.0,0.34,0.33,,346.0
North America,2020-12-28,2196226.0,2136722.0,,223035.0,0.37,0.36,,377.0
North America,2020-12-29,2216190.0,2145672.0,,225067.0,0.37,0.36,,380.0
North America,2020-12-30,2903783.0,2819586.0,,265810.0,0.49,0.48,,449.0
North America,2020-12-31,2917223.0,2819586.0,,265832.0,0.49,0.48,,449.0
North America,2021-01-01,2923431.0,2819586.0,,266718.0,0.49,0.48,,450.0
North America,2021-01-02,4359541.0,4250754.0,,337651.0,0.74,0.72,,570.0
North America,2021-01-03,4367243.0,4250754.0,,337643.0,0.74,0.72,,570.0
North America,2021-01-04,4747410.0,4607220.0,,364455.0,0.8,0.78,,616.0
North America,2021-01-05,5042357.0,4884705.0,,403738.0,0.85,0.83,,682.0
North America,2021-01-06,5545797.0,5359982.0,,377431.0,0.94,0.91,,637.0
North America,2021-01-07,6199721.0,6195093.0,2173.0,468928.0,1.05,1.05,0.0,792.0
North America,2021-01-08,7026104.0,7012300.0,4053.0,586096.0,1.19,1.18,0.0,990.0
North America,2021-01-09,7069017.0,7053386.0,5880.0,387068.0,1.19,1.19,0.0,654.0
North America,2021-01-10,7098885.0,7083250.0,5884.0,390235.0,1.2,1.2,0.0,659.0
North America,2021-01-11,9443182.0,9427547.0,5884.0,670825.0,1.59,1.59,0.0,1133.0
North America,2021-01-12,9818261.0,9802464.0,6046.0,682272.0,1.66,1.66,0.0,1152.0
North America,2021-01-13,10899989.0,9922594.0,16320.0,764885.0,1.84,1.68,0.0,1292.0
North America,2021-01-14,11948217.0,10459094.0,1363224.0,821214.0,2.02,1.77,0.23,1387.0
North America,2021-01-15,13229101.0,11517233.0,1639078.0,886142.0,2.23,1.95,0.28,1497.0
North America,2021-01-16,13312241.0,11597871.0,1641580.0,891889.0,2.25,1.96,0.28,1506.0
North America,2021-01-17,13348588.0,11630624.0,1645174.0,892815.0,2.25,1.96,0.28,1508.0
North America,2021-01-18,13417429.0,11695527.0,1649112.0,567750.0,2.27,1.98,0.28,959.0
North America,2021-01-19,16890417.0,14731702.0,2070054.0,1010308.0,2.85,2.49,0.35,1706.0
North America,2021-01-20,17754248.0,15434005.0,2226181.0,979180.0,3.0,2.61,0.38,1654.0
North America,2021-01-21,18871355.0,16293996.0,2476475.0,989020.0,3.19,2.75,0.42,1670.0
North America,2021-01-22,20535508.0,17571209.0,2851305.0,1043772.0,3.47,2.97,0.48,1763.0
North America,2021-01-23,21995911.0,18737311.0,3133226.0,1240524.0,3.72,3.16,0.53,2095.0
North America,2021-01-24,23333473.0,19867331.0,3330034.0,1426412.0,3.94,3.36,0.56,2409.0
North America,2021-01-25,24276954.0,20656976.0,3477807.0,1551361.0,4.1,3.49,0.59,2620.0
North America,2021-01-26,25120324.0,21325882.0,3630109.0,1175701.0,4.24,3.6,0.61,1986.0
North America,2021-01-27,26262192.0,22173051.0,3916984.0,1215421.0,4.44,3.74,0.66,2053.0
North America,2021-01-28,27829918.0,23200440.0,4388735.0,1279795.0,4.7,3.92,0.74,2162.0
North America,2021-01-29,29546493.0,24376385.0,4915881.0,1287284.0,4.99,4.12,0.83,2174.0
North America,2021-01-30,31264802.0,25591362.0,5410624.0,1324127.0,5.28,4.32,0.91,2236.0
North America,2021-01-31,32818236.0,26731155.0,5813295.0,1354966.0,5.54,4.51,0.98,2289.0
North America,2021-02-01,33948827.0,27567419.0,6099457.0,1381696.0,5.73,4.66,1.03,2334.0
North America,2021-02-02,34523796.0,27993086.0,6243465.0,1343353.0,5.83,4.73,1.05,2269.0
North America,2021-02-03,35643867.0,28712074.0,6633064.0,1340239.0,6.02,4.85,1.12,2264.0
North America,2021-02-04,37007482.0,29478327.0,7144264.0,1311081.0,6.25,4.98,1.21,2214.0
North America,2021-02-05,38651060.0,30494120.0,7738648.0,1300652.0,6.53,5.15,1.31,2197.0
North America,2021-02-06,40905361.0,31847207.0,8575893.0,1377223.0,6.91,5.38,1.45,2326.0
North America,2021-02-07,43094580.0,33181256.0,9416231.0,1468049.0,7.28,5.6,1.59,2480.0
North America,2021-02-08,44350857.0,33960931.0,9818029.0,1486004.0,7.49,5.74,1.66,2510.0
North America,2021-02-09,45175234.0,34500806.0,10163439.0,1521634.0,7.63,5.83,1.72,2570.0
North America,2021-02-10,46769611.0,35426864.0,10813234.0,1589392.0,7.9,5.98,1.83,2684.0
North America,2021-02-11,48423063.0,36379747.0,11553351.0,1630797.0,8.18,6.14,1.95,2754.0
North America,2021-02-12,50480513.0,37503322.0,12474877.0,1689922.0,8.53,6.33,2.11,2854.0
North America,2021-02-13,52746728.0,38738533.0,13492164.0,1691624.0,8.91,6.54,2.28,2857.0
North America,2021-02-14,55008445.0,39979664.0,14501694.0,1701981.0,9.29,6.75,2.45,2875.0
North America,2021-02-15,55071155.0,40016769.0,14524144.0,1531471.0,9.3,6.76,2.45,2587.0
North America,2021-02-16,57601745.0,41571844.0,15479926.0,1775216.0,9.73,7.02,2.61,2998.0
North America,2021-02-17,58831383.0,42307454.0,15965720.0,1723110.0,9.94,7.15,2.7,2910.0
North America,2021-02-18,60581192.0,43074138.0,16676251.0,1736876.0,10.23,7.28,2.82,2934.0
North America,2021-02-19,62763512.0,44258815.0,17896904.0,1754714.0,10.6,7.48,3.02,2964.0
North America,2021-02-20,64614430.0,45184160.0,18797342.0,1695386.0,10.91,7.63,3.17,2863.0
North America,2021-02-21,66495012.0,46059143.0,19787643.0,1640938.0,11.23,7.78,3.34,2772.0
North America,2021-02-22,67713331.0,46655574.0,20400686.0,1806025.0,11.44,7.88,3.45,3050.0
North America,2021-02-23,68693311.0,47157552.0,20871101.0,1584509.0,11.6,7.96,3.53,2676.0
North America,2021-02-24,70298590.0,47986224.0,21621245.0,1638172.0,11.87,8.1,3.65,2767.0
North America,2021-02-25,72387866.0,49016264.0,22636937.0,1686668.0,12.23,8.28,3.82,2849.0
North America,2021-02-26,74842902.0,50334898.0,23744193.0,1725627.0,12.64,8.5,4.01,2915.0
North America,2021-02-27,77386511.0,51756716.0,24842611.0,1824583.0,13.07,8.74,4.2,3082.0
North America,2021-02-28,79942321.0,53210929.0,25929193.0,1921044.0,13.5,8.99,4.38,3245.0
North America,2021-03-01,81837233.0,54378917.0,26634106.0,2017700.0,13.82,9.18,4.5,3408.0
North America,2021-03-02,83750811.0,55564295.0,27343032.0,2151071.0,14.15,9.38,4.62,3633.0
North America,2021-03-03,85851930.0,56823096.0,28165593.0,2221906.0,14.5,9.6,4.76,3753.0
North America,2021-03-04,88091990.0,58146162.0,29008224.0,2243446.0,14.88,9.82,4.9,3789.0
North America,2021-03-05,90765938.0,59908662.0,29931149.0,2274719.0,15.33,10.12,5.06,3842.0
North America,2021-03-06,93878485.0,61897789.0,31008667.0,2355996.0,15.86,10.45,5.24,3979.0
North America,2021-03-07,96416911.0,63469146.0,31920890.0,2353513.0,16.28,10.72,5.39,3975.0
North America,2021-03-08,98381178.0,64833394.0,32744452.0,2363421.0,16.62,10.95,5.53,3992.0
North America,2021-03-09,100388318.0,66313451.0,33358365.0,2376787.0,16.96,11.2,5.63,4014.0
North America,2021-03-10,102964902.0,68207316.0,34166842.0,2444710.0,17.39,11.52,5.77,4129.0
North America,2021-03-11,105951815.0,70007382.0,35129976.0,2551404.0,17.9,11.82,5.93,4309.0
North America,2021-03-12,109272925.0,72589325.0,36275882.0,2643855.0,18.46,12.26,6.13,4465.0
North America,2021-03-13,114172605.0,75822008.0,38208571.0,2899160.0,19.28,12.81,6.45,4897.0
North America,2021-03-14,115774276.0,76963609.0,38740072.0,2765338.0,19.55,13.0,6.54,4671.0
North America,2021-03-15,118110196.0,78506940.0,39627266.0,2818431.0,19.95,13.26,6.69,4760.0
North America,2021-03-16,120046836.0,79730619.0,40339714.0,2808360.0,20.28,13.47,6.81,4743.0
North America,2021-03-17,122742952.0,81756386.0,41308707.0,2825436.0,20.73,13.81,6.98,4772.0
North America,2021-03-18,125838710.0,83938475.0,42327205.0,2840985.0,21.25,14.18,7.15,4798.0
North America,2021-03-19,128860292.0,85852943.0,43286767.0,2798195.0,21.76,14.5,7.31,4726.0
North America,2021-03-20,132409121.0,88584849.0,44442434.0,2605217.0,22.36,14.96,7.51,4400.0
North America,2021-03-21,135708551.0,90867729.0,45571687.0,2847754.0,22.92,15.35,7.7,4810.0
North America,2021-03-22,138115945.0,92533295.0,46411556.0,2857964.0,23.33,15.63,7.84,4827.0
Oceania,2021-02-15,0.0,0.0,,,0.0,0.0,,
Oceania,2021-02-16,0.0,0.0,,,0.0,0.0,,
Oceania,2021-02-17,0.0,0.0,,,0.0,0.0,,
Oceania,2021-02-18,0.0,0.0,,,0.0,0.0,,
Oceania,2021-02-19,30.0,30.0,,8.0,0.0,0.0,,0.0
Oceania,2021-02-20,100.0,100.0,,20.0,0.0,0.0,,0.0
Oceania,2021-02-21,100.0,100.0,,17.0,0.0,0.0,,0.0
Oceania,2021-02-22,120.0,120.0,,17.0,0.0,0.0,,0.0
Oceania,2021-02-23,2979.0,2979.0,,426.0,0.01,0.01,,10.0
Oceania,2021-02-24,7908.0,7908.0,,1130.0,0.02,0.02,,26.0
Oceania,2021-02-25,18500.0,18500.0,,2643.0,0.04,0.04,,62.0
Oceania,2021-02-26,26000.0,26000.0,,3710.0,0.06,0.06,,87.0
Oceania,2021-02-27,31000.0,31000.0,,4414.0,0.07,0.07,,103.0
Oceania,2021-02-28,33394.0,33394.0,,4756.0,0.08,0.08,,111.0
Oceania,2021-03-01,35202.0,35202.0,,5012.0,0.08,0.08,,117.0
Oceania,2021-03-02,43407.0,43407.0,,5775.0,0.1,0.1,,135.0
Oceania,2021-03-03,60271.0,60271.0,,7480.0,0.14,0.14,,175.0
Oceania,2021-03-04,70439.0,70439.0,,7420.0,0.17,0.17,,174.0
Oceania,2021-03-05,81298.0,81298.0,,7900.0,0.19,0.19,,185.0
Oceania,2021-03-06,86371.0,86371.0,,7910.0,0.2,0.2,,185.0
Oceania,2021-03-07,90776.0,90776.0,,8197.0,0.21,0.21,,192.0
Oceania,2021-03-08,95800.0,95800.0,,8657.0,0.22,0.22,,203.0
Oceania,2021-03-09,104339.0,104339.0,,8705.0,0.24,0.24,,204.0
Oceania,2021-03-10,124200.0,124200.0,,9133.0,0.29,0.29,,214.0
Oceania,2021-03-11,143000.0,143000.0,,10366.0,0.34,0.34,,243.0
Oceania,2021-03-12,153103.0,153103.0,,10258.0,0.36,0.36,,240.0
Oceania,2021-03-13,177294.0,177294.0,,12989.0,0.42,0.42,,304.0
Oceania,2021-03-14,180551.0,177294.0,,12825.0,0.42,0.42,,301.0
Oceania,2021-03-15,182781.0,177294.0,,12426.0,0.43,0.42,,291.0
Oceania,2021-03-16,200437.0,177294.0,,13728.0,0.47,0.42,,322.0
Oceania,2021-03-17,230557.0,186294.0,,15194.0,0.54,0.44,,356.0
Oceania,2021-03-18,253057.0,186294.0,,15722.0,0.59,0.44,,368.0
Oceania,2021-03-19,267754.0,186294.0,,16379.0,0.63,0.44,,384.0
Oceania,2021-03-20,280831.0,186294.0,,14791.0,0.66,0.44,,347.0
Oceania,2021-03-21,284019.0,186294.0,,14781.0,0.67,0.44,,346.0
Oceania,2021-03-22,309184.0,186294.0,,18058.0,0.72,0.44,,423.0
South America,2020-12-24,420.0,420.0,,,0.0,0.0,,
South America,2020-12-25,5198.0,5198.0,,4778.0,0.0,0.0,,11.0
South America,2020-12-26,8338.0,8338.0,,3959.0,0.0,0.0,,9.0
South America,2020-12-27,8649.0,8649.0,,2743.0,0.0,0.0,,6.0
South America,2020-12-28,8649.0,8649.0,,2057.0,0.0,0.0,,5.0
South America,2020-12-29,9349.0,8649.0,,1786.0,0.0,0.0,,4.0
South America,2020-12-30,9349.0,8649.0,,1488.0,0.0,0.0,,3.0
South America,2020-12-31,40662.0,8649.0,,5749.0,0.01,0.0,,13.0
South America,2021-01-01,40662.0,8649.0,,5066.0,0.01,0.0,,12.0
South America,2021-01-02,40662.0,8649.0,,4618.0,0.01,0.0,,11.0
South America,2021-01-03,40662.0,8649.0,,4573.0,0.01,0.0,,11.0
South America,2021-01-04,48653.0,9054.0,,5715.0,0.01,0.0,,13.0
South America,2021-01-05,50096.0,10497.0,,5821.0,0.01,0.0,,14.0
South America,2021-01-06,50301.0,10702.0,,5850.0,0.01,0.0,,14.0
South America,2021-01-07,50301.0,10702.0,,1377.0,0.01,0.0,,3.0
South America,2021-01-08,118244.0,10702.0,,11083.0,0.03,0.0,,26.0
South America,2021-01-09,118244.0,10702.0,,11083.0,0.03,0.0,,26.0
South America,2021-01-10,118244.0,10702.0,,11083.0,0.03,0.0,,26.0
South America,2021-01-11,118244.0,10702.0,,9942.0,0.03,0.0,,23.0
South America,2021-01-12,118244.0,10702.0,,9735.0,0.03,0.0,,23.0
South America,2021-01-13,178565.0,10703.0,1029.0,18323.0,0.04,0.0,0.0,43.0
South America,2021-01-14,185479.0,12821.0,5825.0,19311.0,0.04,0.0,0.0,45.0
South America,2021-01-15,222834.0,13778.0,8297.0,14941.0,0.05,0.0,0.0,35.0
South America,2021-01-16,222924.0,13801.0,8364.0,14954.0,0.05,0.0,0.0,35.0
South America,2021-01-17,223036.0,13913.0,8364.0,14970.0,0.05,0.0,0.0,35.0
South America,2021-01-18,235078.0,25955.0,8364.0,16691.0,0.05,0.01,0.0,39.0
South America,2021-01-19,264797.0,55672.0,8366.0,20936.0,0.06,0.01,0.0,49.0
South America,2021-01-20,338353.0,325593.0,12760.0,22827.0,0.08,0.08,0.0,53.0
South America,2021-01-21,467182.0,442464.0,24718.0,40243.0,0.11,0.1,0.01,93.0
South America,2021-01-22,590938.0,557426.0,33512.0,52586.0,0.14,0.13,0.01,122.0
South America,2021-01-23,891297.0,853743.0,37554.0,95482.0,0.21,0.2,0.01,222.0
South America,2021-01-24,962204.0,921851.0,40353.0,105595.0,0.22,0.21,0.01,245.0
South America,2021-01-25,1059870.0,1017840.0,42030.0,117827.0,0.25,0.24,0.01,274.0
South America,2021-01-26,1222255.0,1172983.0,49272.0,136780.0,0.28,0.27,0.01,318.0
South America,2021-01-27,1518319.0,1462214.0,56105.0,168567.0,0.35,0.34,0.01,391.0
South America,2021-01-28,1849300.0,1787454.0,61846.0,197445.0,0.43,0.41,0.01,458.0
South America,2021-01-29,2082484.0,1995308.0,75983.0,213078.0,0.48,0.46,0.02,495.0
South America,2021-01-30,2440040.0,2264842.0,95761.0,221249.0,0.57,0.53,0.02,514.0
South America,2021-01-31,2510916.0,2387552.0,95761.0,221245.0,0.58,0.55,0.02,514.0
South America,2021-02-01,2571134.0,2449207.0,104674.0,215895.0,0.6,0.57,0.02,501.0
South America,2021-02-02,2753594.0,2647321.0,104680.0,218763.0,0.64,0.61,0.02,508.0
South America,2021-02-03,3175772.0,3049440.0,122772.0,236779.0,0.74,0.71,0.03,550.0
South America,2021-02-04,3953980.0,3791605.0,158815.0,300669.0,0.92,0.88,0.04,698.0
South America,2021-02-05,4125126.0,3962081.0,159485.0,291806.0,0.96,0.92,0.04,677.0
South America,2021-02-06,4506845.0,4324252.0,179033.0,295258.0,1.05,1.0,0.04,685.0
South America,2021-02-07,4697547.0,4479285.0,214702.0,312376.0,1.09,1.04,0.05,725.0
South America,2021-02-08,4993033.0,4749565.0,239908.0,345986.0,1.16,1.1,0.06,803.0
South America,2021-02-09,5474940.0,5203246.0,268134.0,388764.0,1.27,1.21,0.06,903.0
South America,2021-02-10,6094557.0,5790168.0,300829.0,416969.0,1.41,1.34,0.07,968.0
South America,2021-02-11,6713178.0,6356456.0,346555.0,394171.0,1.56,1.48,0.08,915.0
South America,2021-02-12,7282947.0,6883582.0,389198.0,451117.0,1.69,1.6,0.09,1047.0
South America,2021-02-13,7775161.0,7296153.0,468841.0,466902.0,1.8,1.69,0.11,1084.0
South America,2021-02-14,7899923.0,7402286.0,487470.0,457482.0,1.83,1.72,0.11,1062.0
South America,2021-02-15,8236400.0,7714997.0,511236.0,463338.0,1.91,1.79,0.12,1076.0
South America,2021-02-16,8780888.0,8191418.0,579303.0,472278.0,2.04,1.9,0.13,1096.0
South America,2021-02-17,9249012.0,8385264.0,853581.0,450636.0,2.15,1.95,0.2,1046.0
South America,2021-02-18,9765267.0,8730432.0,1024668.0,436013.0,2.27,2.03,0.24,1012.0
South America,2021-02-19,10310877.0,9094612.0,1206098.0,432561.0,2.39,2.11,0.28,1004.0
South America,2021-02-20,10673837.0,9287600.0,1376070.0,414097.0,2.48,2.16,0.32,961.0
South America,2021-02-21,10836670.0,9372542.0,1453961.0,419535.0,2.52,2.18,0.34,974.0
South America,2021-02-22,11058658.0,9556053.0,1492438.0,403180.0,2.57,2.22,0.35,936.0
South America,2021-02-23,11475420.0,9848349.0,1616904.0,384933.0,2.66,2.29,0.38,894.0
South America,2021-02-24,11891095.0,10118565.0,1762363.0,377440.0,2.76,2.35,0.41,876.0
South America,2021-02-25,12304673.0,10366708.0,1927798.0,362772.0,2.86,2.41,0.45,842.0
South America,2021-02-26,12789449.0,10681015.0,2098267.0,354082.0,2.97,2.48,0.49,822.0
South America,2021-02-27,13140339.0,10895568.0,2234604.0,352357.0,3.05,2.53,0.52,818.0
South America,2021-02-28,13309851.0,11031339.0,2268345.0,353312.0,3.09,2.56,0.53,820.0
South America,2021-03-01,13565883.0,11275669.0,2280047.0,358175.0,3.15,2.62,0.53,831.0
South America,2021-03-02,14241780.0,11818465.0,2423315.0,395194.0,3.31,2.74,0.56,917.0
South America,2021-03-03,15103961.0,12384300.0,2719661.0,458981.0,3.51,2.87,0.63,1066.0
South America,2021-03-04,16027899.0,12955839.0,3072060.0,531889.0,3.72,3.01,0.71,1235.0
South America,2021-03-05,16944047.0,13522441.0,3421606.0,593514.0,3.93,3.14,0.79,1378.0
South America,2021-03-06,17108944.0,13650868.0,3458076.0,566944.0,3.97,3.17,0.8,1316.0
South America,2021-03-07,17313816.0,13805197.0,3482790.0,571995.0,4.02,3.2,0.81,1328.0
South America,2021-03-08,17762117.0,14010634.0,3705815.0,599462.0,4.12,3.25,0.86,1392.0
South America,2021-03-09,18332904.0,14291321.0,3951359.0,584446.0,4.26,3.32,0.92,1357.0
South America,2021-03-10,19219713.0,14744829.0,4265045.0,587965.0,4.46,3.42,0.99,1365.0
South America,2021-03-11,20327269.0,15661514.0,4665755.0,614196.0,4.72,3.64,1.08,1426.0
South America,2021-03-12,21469562.0,16389314.0,5080248.0,646502.0,4.98,3.8,1.18,1501.0
South America,2021-03-13,22072658.0,16821597.0,5251061.0,709102.0,5.12,3.91,1.22,1646.0
South America,2021-03-14,22292338.0,16987026.0,5305312.0,711217.0,5.18,3.94,1.23,1651.0
South America,2021-03-15,23331107.0,17609766.0,5721191.0,795570.0,5.42,4.09,1.33,1847.0
South America,2021-03-16,23974224.0,17963944.0,6009785.0,805903.0,5.57,4.17,1.4,1871.0
South America,2021-03-17,25344117.0,18821439.0,6521763.0,874915.0,5.88,4.37,1.51,2031.0
South America,2021-03-18,26272863.0,19461445.0,6810198.0,849371.0,6.1,4.52,1.58,1972.0
South America,2021-03-19,27176862.0,20093649.0,7081843.0,815329.0,6.31,4.66,1.64,1893.0
South America,2021-03-20,27563195.0,20414832.0,7146993.0,784362.0,6.4,4.74,1.66,1821.0
South America,2021-03-21,27741214.0,20560211.0,7179633.0,778411.0,6.44,4.77,1.67,1807.0
South America,2021-03-22,28601539.0,21191170.0,7408999.0,752919.0,6.64,4.92,1.72,1748.0
